Patient_Id,Gender,Age,Sample,Symptoms,Symptom severity,Original_Sequence,Mutated_Sequence,Number_of_Mutated_Nucleotide,Number_of_Mutated_Amino_Acid,Calculated_Nucleotide,Calculated_Amino_Acid,alignment_length,homology,Mutated_Amino_Acids
1001,M,36,Sputum,"Coughing, Chills",Moderate,AUGCCCCAACUAAAUACUACCGUAUGGCCCACCAUAAUUACCCCCAUACUCCUUACACUAUUCCUCAUCACCCAACUAAAAAUAUUAAACACAAACUACCACCUACCUCCCUCACCAAAGCCCAUAAAAAUAAAAAAUUAUAACAAACCCUGAGAACCAAAAUGAACGAAAAUCUGUUCGCUUCAUUCAUUGCCCCCACAAUCCUAGAUGAACGAAAAUCUGUUCGCUUCAUUCAUUGCCCCCACAAUCCUAGGCCUACCCGCCGCAGUACUGAUCAUUCUAUUUCCCCCUCUAUUGAUCCCCACCUCCAAAUAUCUCAUCAACAACCGACUAAUCACCACCCAACAAUGACUAAUCAAACUAACCUCAAACAAAUGAUAACCAUACA,AUGCGCCAUCUAAAUUCUACGGUAUGGCCCACCAUAAUUACCCCCAUACUCCUUACACUAUUCCUCAUCACCAACUAAAAAUAUUAAACACAAACUACCACCUACCUCCCUCACCAAAGCCCAUAAAAAUAAAAAAUUAUAACAAACCCUGAGAACCAAAAUGAACGAAAAUCUGUUCGCUUCAUUCAUUGCCCCCACAAUCCUAGAUGAACGAAAAUCUGUUCGCUUCAUUCAUUGCCCCCACAAUCCUAGGCCUACCCGCCGCAGUACUGAUCAUUCUAUUUCCCCUCUAUUGAUCCCCACCUCCAAAUAUCUCAUCAACAACCGACUAAUCACCACCCAACAAUGACUAAUCAACUAACCUCAAACAAAUGAUAACCAUAC,9,5,,,,,
1002,M,28,Nasopharynx,Coughing,Moderate To Mild,CAACACUAAAGGACGAACCUUAUCUCUUACUAGUAUCCUUAAUCAUUUUUAUCACACUAACCUCUCGGACUCCUGCUCACUCAUUUACACCAACCACCCAAUCUAUCUAUAACCUAGCCAUGGCCAUCCCCUUAUGAGCGGGCACAGUGAUUAUAGGCUUUCGCUCUAAGAUUAAAAUGCCCUCAGCCCACUUCUUACCACAAGGCACACCUACACCCCUUAUCCCCAUACUAGUUAUUAUCGAAACCAUCAGCCUACUCAUUCAACCAAUAGCCUUGGCCGUACGCCUAACCGCUAACAUUACUGCAGGCCACCUACUCAUGCACCUAAUUGGAAGCGCCACCCUAGCAAUAUCAACCAUUUACCUUCCCUCACUUAUCAUCUUCACAAUUCUAAUUCUACUGACUAUCCUAAAAUCGCUGUCGCCUUAAUCCAAGCCUACGUUUUCACACUUCUAGUAAGCCUCUACCUGCACGACAACACAUA,CAACACUAAAGGACGAACCUAUCUCUUACUAGUAUCCUUAAACAUUUUUUACCACACUAACCUCUCGGGCUCCUGCUCACUCAUUUACACCAACCACCCAAUCUAUCUAUAACCUAGCCAUGGCCAUCCCCUUAUGAGCGGGCACAGUGAUUAUAGGCUUUCGCUCUAAGAUUAAAAUGCCCUCAGCCCACUUCUUACCACAAGGCACACCUACACCCCUUAUCCCCAUACUAGUUAUUAUCGAAACCAUCAGCCUACUCAUUCAACCAAUAGCCUUGGCCGUACGCCUAACCGCUAACAUUACUGCAGGCCACCUACUCAUGCACCUAAUAUGGAAGCGCCACCCUAGCAAUAUCAACCAUUUACCUUCCCUCACUUAUCAUCUUCACAAUUCUAAUUCUACUGACUAUCCUAAAAUCGCUGUCGCCUUAAUCCAAGCCUACGUUUUCACACUUCUAGUAAGCCUCUACCUGCACGACAACACAUA,4,3,,,,,
1003,F,32,"Nasopharynx, Sputum","Sorethroat, Myalgia",Moderate To Mild,AGGUGUGGCAGUUGGGCGCUGUUUGGCAGUGAUGAUUGCCUUUUGUGUCAGUGUCUGAGUGCUAUGAAGAUUGCACACAGAGGUCCAGAUGCACUCCGUUUUGAGAAUGUCAAUGGAUACACCAACUGCUGCUGUUGGAUUUCACCGGUUGGCGGUAGUUGACCCGCUGUUUGGAAUGCAGCCAAUUCGAGUGAAGAAAUAUCCGUAUUUGUGGCUUCUGUUACAUGGUGAAAUCUACAACCAUAAUAAGAUGCAGCAGCAUUUUAUUUUGAAUUUGAAUACCAGACCAAAAGUGGAUGGUGUGGGCAUUUGUUUUGACGGAUACUGCCAAGAAAGUGUUCUUGGGUAGAGAUACAUATGGAGGAGUCAGACCUUUGUUUAAAGCAAUGACAGAAGAUGGAUUUUUGGCUGUAUGUUCAGAAG,AGGUGUGGCAGUUGGGCGCGGUUGGCAGUGAUGAUUGCCUUUUGUGUCAGUGUCUGAGUGCUAUGAAGAUUGCACACAGAGGUCCAGAUGCACUCCGUUUUGAGAAUGUCAAUGGAUACACCAACUGCUGCUGUUGGAUUUCACCGGUUGGCGGUAGUUGACCCGCUGUUUGGAAUGCAGCCAAUUCGAGUGAAGAAAUAUCCGUAUUUGUGGCUUCUGUUACUUAUGGUGAAAUCUACAACCAUAAUAAGAAGCAGCAGCAUUUUAUUUUGAAUUUGAAUACCAGACCAAAAGUGGAUGGUGUGGGCAUUUGUUUUGACGGAUACUGCCAAGAAAGUGUUCUUGGGUAGAGAUACAUATGGAGGAGUCAGACCUUUGUUUAAAGCAAUGACAGAAGAUGGAUUUUUGGCUGUAUGUUCAGAAG,5,3,,,,,
1004,M,30,"Nasopharynx, Sputum",Febrile sensation,Mild,CUAAAGGUCUUGUUACAUUGAAGCACUCCGCGACUCCCUUUUUAAAAUGGGAGCCUUUUCUUCCUGGACACUAUGAAGUUUUGGAUUUAAAGCCAAAUGGCAAAGUUGCACCCGUUGAAAAUGGUUAAAUAUCAUCACUGUCGGGAUGUACCCCUGCACGCCCUCUAUGACAAUGUGGAGAAACUCUUUCCAGGUUUUGAGAUAGAAACUGUGAAGAACAACCUCAAGGAUCCUUUUUAAUAAUGCUGUAAAGAAACGUUUGAUGACAGACAGAAGGAUUGGUGUGCUUUUAUCAGGGGGCUUGGACUCCAGCUUGGUUGCUGCCACUCUGUUGAAGCAGCUGAAAGAAGCCCAAGUACAGUAUCCUCUCCAGACAUUUGCAAUUGGCAUGGAAGACAGCCCCGAUUUACUGGCUGCUAGAAAGGUGGCAGAUCAUAUUGGAAGUGAACAUUAUGAAGUCCUUUUUAACUCUGAGGAGGCAUUCAGGCUCUGGAUGAAGUCAUAUUUUCUUGGAAACUUAUGACAUUACAACAGUUCGUGCUUCCAGUAGGUAUGUAUUUAAUUUCCAAUUAUAUUCGGAAGAACACAGAUAGCGUGGUGAUCUUCUCUGGAGAAGGAUCAGAUGAACUUACGCAGGGUUACAUUAUAUUUUCAUAAGGCUCCUUCUCCUGAAAAAGCCGAGGAGGAGAGUGAGAGGCUUCUGAGGGAAUCUUAUUUGUUGAUGUUCUCCGCGCAGAUCGAACUACUGCUGCCCAUGGUCUUGAACUGAGAGUCCCATUCUAGAUCAUCGAUUUUCUUCCUAUUACUUGUCUCUGCCACCAGAAAUGAGAAUUCCAAAGAAUGGGAUAGAAAAACAUCCUCCUGAGAGAGACGUUUGAGGAUUCCAAUCUGAUACCCAAAGAGAUUCUCUGGCUGACCAAAAGAAGCCUUCAGUGAUGGAAUAACUUCAGUUAAGAAUUCC,CUAAAGGUCUUGUUACAUUGAGCACUCCGCGACUCCCUUUUUAAAAUGGGAGCCUUUUCUUCCUGGACACUAUGAAGUUUUGGAUUUAAAGCCAAAUGGCAAAGUUGCACCCGUUGAAAAUGGUUAAAUAUCAUCACUGUCGGGAUGUACCCCUGCACGCCCUCUAUGACAAUGUGGAGAAACUCUUUCCUAGUUUUGAGAUAGAAACUGUGAAGAACAACCUCAAGGAUCCUUUGGGUAAUAAUGCUGUAAAGAAACGUUUGAUGACAGACAGAAGGAUUGGUGUGCUUUUAUCAGGGGGCUUGGACUCCAGCUUGGUUGCUGCCACUCUGUUGAAGCAGCUGAAAGAAGCCCAAGUACAGUAUCCUCUCCAGACAUUGGCAAUUGGCAUGGAAGACAGCCCAAUUUACUGGCUGCUAGAAAGGUGGCAGAUCAUAUUGGAAGUGAACAUUAUGAAGUCCUUUUUAACUCUGAGGAGGCAUUCAGGCUCUGGAUGAAGUCAUAUUUUCUUGGAAACUUAUGACAUUACAACAGUUCGUGCUUCCAGUAGGUAUGUAUUUAAUUUCCAAUUAUAUUCGGAAGAACACAGAUAGCGUGGUGAUCUUCUCUGGAGAAGGAUCAGAUGAACUUACGCAGGGUUACAUUUAUUUUCAUAAGGCUCCUUCUCCUGAAAAAGCCGAGGAGGAGAGUGAGAGGCUUCUGAGGGAAUCUUAUUUGUUGAUGUUCUCCGCGCAGAUCGAACUACUGCUGCCCAUGGUCUUGAACGAGAGUCCCATUCUAGAUCAUCGAUUUUCUUCCUAUUACUUGUCUCUGCCACCAGAAAUGAGAAUUCCAAAGAAUGGGAUAGAAAAACAUCCUCCUGAGAGAGACGUUUGAGGAUUCCAAUCUGAUACCCAAAGAGAUUCUCUGGCUGACCAAAAGAAGCCUUCAGUGAUGGAAUAACUUCAGUUAAGAAUUCC,10,6,,,,,
1005,M,66,Nasopharynx,"Coughing, Rhinorrhea",Mild To Moderate,AUGUGUGGCAUUUGGGCGCUGUUUGGCAGUGAUGAUUGCCUUUCUGUUCAGUGUCUGAGUGCUAUGAAGAUUGCACACAGAGGUCCAGAUGCAUUCCGUUUUGAGAAUGUCAAUGGAUACACCAACUGCUGCUUUGGAUUUCACCGGUUGGCGGUAGUUGACCCGCUGUUUGGAAUGCAGCCAAUUCGAUGAAGAAAUAUCCGUAUUUGUGGCUCUGUUACAAUGGUGAAAUCUGUAACCAUAAGAAGAUGCAACAGCAUUUUGAAUUUGAAUACCAGACCAAAGUGGAUGGUGAGAUAAUCCUUCAUCUUUAUGACAAAGGAGGAAUUGAGCAAACAAUUUGUAUGUUGGAUGGUGUGUUUGCAUUUGUUUUAUGGAUACUGCCAAUAAGAAAGUGUUCCUGGGUAGAGAUACAUAUGGAGUCAGACCUUUGUUUAAAGCAAUGACAGAAGAUGGAUUUUUGGCUGUAUGUUCAGAAGCUAAAGGUCUUGUUACAUUGAAGCACUCCGCGACUCCCUUUUUAAAAGUGGAGCCUUUUCUUCCUGGACACUAUGAAGUUUUGGAUUUAAAGCCAAAUGGCAAAGUUGCAUCCGUGGAAAUGGUUAAAUAUCAUCACUGUCGGGAUGUACCCCUGCACGCCCUCUAUGACAAUGUGGAGA,AUGUUAGGCAUUUGGGCGCUGUUUGGCAGUGAUGAUUGCCUUUGUUCAGUGUCUGAGUGCUAUGAAGAUUGCACACAGAGGUCCAGAUGCAUUCAAUUUUGAGAAUGUCAAUGGAUACACCAACUGCUGCUUUGGAUUUCACCGGUUGGCGGUAGUUGACCCGCUGUUUGGAAUGCAGCCAAUUCGAUGAAGAAAUAUCCGUAUUUGUGGCUCUGUUACAAUAGUGAAAUCUGUAACCAUAAGAAGAUGCAACAGCAUUUUGUUUGAAUACCAGACCAAAGUGGAUGGUGAGAUAAUCCUUCAUCUUUAUGACAAAGGAGGAAUUGAGCAAACAAUUUGUAUGUUGGAUGGUGUGUUUGCAUUUGUUUUAUGGAUACUGCCAAUAAGAAAGUGUUCCUGGGUAGAGAUACAUAUGGAGUCAGACCUUUGUUUAAAGCAAUGACAGAAGAUGGAUUUUUCGCUGUAUGUUCAGAAGCUAAAGGUCUUGUUACAUUGAAGCACUUUGCGACUCCCUUUUUAAAAGUGGAGCCUUUUCUUCCUGGACACUAUGAAGUUUUGGAUUUAAAGCCAAAUGGCAAAGUUGCAUCCGUGGAAAUGGUUAAAUAUCAUCACUGUCGGGAUGUACCCCUGCACGCCCUCUAUGACAAUGUGGAGA,12,5,,,,,
1006,F,52,Nasopharynx,"Myalgia, Fever",Moderate,AACUCUUUCCAGGUUUUGAGAUAGAAACUGUGAAGAACAACCUCAGGAUCCUUUUUAAUAAUGCUGUAAAGAAACGUUUGAUGACAGACAGAAGGAUUGGCUGCCUUUUAUCAGGGGGCUUGGACUCCAGCUUGGUUGCUGCCACUCUGUUGAAGCAGCUGAAAGAAGCCCAAGUACAGUAUCCUCUCCAGACAUUUGCAAUUGGCAUGGAAGACAGCCCCGAUUUACUGGCUGCUAGAAAGGUGGCAGAUCAUAUUGGAAGUGAACAUUAUGAAGUCCUUUUUAACUCUGAGGAAGGCAUUCAGGCUCUGGAUGAAGUCAUAUUUUCCUUGGAAACUUAUGACAUUACAACAGUUGUGCUUCAGUAGGUAUGUAUUUAAUUUCCAAGUAUAUUCGGAAGAACACAGAUAGCGUGGUGAUCUUCUCUGGAGAAGGAUCAGAUGAACUUACGCAGGGUUACAUUAUAUUUUCAUAAGGAUUGGAGAGGGAGAAAGAAAAACUGCUUUGUGUGCCAAAAACAAAACUCUUGGUGUUUUUGUUUGUGA,AACCUUUCCAGGUUUUGAGAUAGAAACUGUGAAGAACAACCUCAGGAUCCUUUUUAAUAAUGCUGUAAAGAAACGUUUGAUGACAGACAGAAGGAUUGGCUGCCUUUUAUCAGGGGGCUUGGAAUCCAGCUUGGUUGCUGCCACUCUGUUGAAGCAGCUGAAAGAAGCCCAAGUACAGAUCCUCUCCAGACAUUUGCAAUUGGCAUGGAAGACAGCCCCGAUUUUUAGGCUACUAGAAAGGUGGCAGAUCAUAUUGGAAGUGAACUUAUGAAGUCCUUUUUAACUCUGAGGAAGGCAUUCAGCUCUGGAUGAAGUCAUAUUUUCCUUGGAAACUUAUGACAUUUCAACAGUUGUGCUUCAGUAGGUAUGUAUUUAAUUUCCAAGUAUAUUCGGAAGAACACAGAUAGCGUGGUGAUCUUCUCUGGAGAAGUAUCAGAUGAACUUACGCAGGGUUACAUUAUAUUUUCAUAAGGAUUGGAGAGGGAGAAAGAAAAACUGCUUUGUGUGCCAAAAACAAAACUCUUGGUGUUAUUGUUUGUGA,12,7,,,,,
1007,M,72,Sputum,"Fever, Cough, Dizziness, Chills",Severe,AUGCAACAGCAUUUUGAAUUUGAAUACCAGACCAAAGUGGAUGGUGAGAUAAUCCUUCAUCUUUAUGACAAAGGAGGAAUUGAGCAAACAAUUUGUAUGUUGGAUGGUGUGUUGCAUUUGUUUUAUGGAUACUGCCAAUAAGAAAGUGUUCCUGGGUAGAGAUACAUAUGGAGUCAGACCUUUGUUUAAAGCAAUGACAGAAGAUGGAUUUUUGGCUGUAUGUUCAGAAGCUAAAGGUCUUGUUACAUUGAAGCACUCCGCGACUCCCUUUUUAAAAGUGGAGCCUUUUCUUCCUGGACACUAUGAAGUUUUGGAUUUAAAGCCAAAUGGCAAAGUUGCAUCCGUGGAAAUGGUUAAAUAUCAUCACUGUCGGGAUGUACCCCUGCACGCCCUCUAUGACAAUGUGGAGAAACUCUUUCCAGGUUUUGAGAUAGAAACUGUGAAGAACAACCUCAGGAUCCUUUUUAAUAAUGCUGUAAAGAAACGUUUGAUGACAGACAGAAGGAUUGGCUGCCUUUUAUCAGGGGGCUUGGACCAGCUUGGUUGCUGCCACUCUGUUGAAGCAGCUGAAAGAAGCCCAAGUACAGUAUCCUCUCCAGACAUUUGCAAUUGGCAUGGAAGACAGCCCCGAUUUACUGGCUGCUAGAAAGGUGGCAG,AUGCAACAGCAGUUUGAAUUUGAAUACCAGACCAAAGUGGAUGGUGAGAUAAUCUCAUCUUUAUGACAAAGGUUGAAUUGAGCACACAAUUUGUAUGUUGGAUGGUGUGUUGCAUUUGUUUUAUGGAUACUGCCAAAAAGAAAGUGUUCCUGGGUAGAGAUACAUAUGGAGUCAGAGCUUUGUUUAUAAGCAAUGACAGAAGAUGGAUUUUUGGCUGUAUGUUCAGAAGCUAAAGGUCUUGUUACAUUGAAGCACUCCGCGACUCCCCUUUUUAAAAGUGGAGCCUUUUCUUCCUGGACACUAUGAGAGUUUUGGAUUUAAAGCCAAAUGGCAAAGUUGCAUCCGUGGAAAUGGUUAAAUAUCAUCACUGUCGGGAUGUACCCCUGCACGCCCUCUAUGACAAUGUGGAGAAACUCUUUCCAGGUUUUGAGAUAGAAACUGUGAAGAACAACCUCAGGAUCCUUUUUAAUAAUGCUGUAAAGAAACGGUUGAUGACAGACAGAAGGAUUGGCUGCCUUUUAUCAGGGGGCUUGGACCAGCUUGGUUGCUGCCACUCUGUUGAAGCAGCUGAAAGAAGCCCAAGUACAGUAUCCUCUCCAGACAUUUGCAAUUGGCAUAGGAAGACAGCGAUUUACUGGCUGCUAGAAAGGUGGCAG,16,11,,,,,
1008,F,68,Nasopharynx,"Chills, Fever",Mild to Moderate,AUCAUAUUGGAAGUGAACAUUAUGAAGUCCUUUUUAACUCUGAGGAAGGCAUUCAGGCUCUGGAUGAAGUCAUAUUUUCCUUGGAAACUUAUGACAUUACAACAGUUCGUGCUUCAGAGGUAUGUAUUUAAUUUCCAAGUAUAUUCGGAAGAACACAGAUAGCGUGGUGAUCUUCUCUGGAGAAGGAUCAGAUGAACUUACGCAGGGUUACAUAUAUUUUCACAAGGCUCCUUCUCCUGAAAAAGCCGAGGAGGAGAGUGAGAGGCUUCUGAGGGAACUCUAUUUGUUUGAUGUUCUCCGCGCGCAGAUCGAACUACUGCUGCCCAUGGUCUUGAACUGAGAGUCCCAUUUCUAGAUCAGCGAUUUUCUUCCUAUUACUUGUCUCUGCCACCAGAAAUGAGAAUUCCAAAGAAUGGGAUAGAAAAACAUCUGCUGAGAGAGACGUUUGAGGAUUCCAAUCUGAUACCCAAAGAGAUUCUCUGGCGACCAAAAGAAGCCUUCAGUGAUGGAAUAACUUCAGUUAAGAAUUCCUGGUUUAAGAUUUU,AUCAUUUGGAAGUGAACAUUAUGAAGUCCUUAACUCUGAGGAAAGGCAUUCAGGCUCUGGAUGAAGUCAUAUUUUCCUUGGAAACGUAUGACAUUACAACAGUUCGUGCUUCAGAGGUAUGCAUUUAAUUUCCAAGUAUAUUCGAAGAACACAGAUAGCGUGGUGAACUUCUCUGGAGAAGGAUCAGAUGAACUUACGCAGGGUUACAUAUAUUUUAACAAGGCUCCUUCUCCUGAAAAAGCCGAGGAGGAGAGUGAGAGGCUCCUGAGGGAAUCUAUUUGUUUGAUGUUCUCCGCGCGCAAAUCGAACUACUGCUCGCCCAUGGUCUUGAACUGAGAGUCCCAUUUCUAGAUCAGCGAUUUUGUUCCUAUUACUUGUCUCUGCCACCAGAUUUGAGAAUUCCAAAGAAUGGGAUAGAAAAAAUCUGCUGAGAGAGACGUUUGAGGAUAACAAUCUGAUACCCAAAGAGAUUCUCUGGCGACCCAAAGAAGCCUUAGUGAUGGAAUAACUUCAGUUAAGAAUUCCUGGUUUGGGAUUUU,20,13,,,,,
1009,M,56,Sputum,"Fever, Cough, Chills",Mild to Moderate,AGCCAAUUCGAGUGAAGAAAUAUCCGUAUUUGUGGCUCUGUUACAAUGGUGAAAUCUACAACCAUAAGAAGAUGCAACAGCAUUUUGAAUUUGAAUACCAGACCAAAGUGGAUGGUGAGAUAAUCCUUCAUCUUUAUGACAAAGGAGGAAUUGAGCAAACAAUUUGUAUGUUGGAUGGUGUGUUUGCAUUUGUUUUAUGGAUACUGCCAAUAAGAAAGUGUUCCUGGGUAGAGAUACAUAUGGAGUCAGACCUUUGUUUAAAGCAAUGACAGAAGAUGGAUUUUUGGCUGUAUGUUCAGAAGCUAAAGGUCUUGUUACAUUGAAGCACUCCGCGACUCCCUUUUAAAAUGGAGCCUUUUCUUCCUGGACACUAUGAAGUUUUGGAUUUAAAGCCAAAUGGCAAAGUUGCAUCCGUGGAAAUGGUUAAAUAUCAUCACUGUCGGGAUGUACCCCUGCACGCCCUCUAUGACAAUGUGGAGAAACUCUUUCCAGGUUUUGAGAUAGAAACUGUGAAGAACAACCUCAGGAUCCUUUUUAAUAA,AGCCAAUUCGAGUGAGAAAUAUCCGUAUUUGUGGCUCUGUUACAAUGGUGAAAUCUACAACCAUAAGAAGAUGCAACAGCAUUUUGACUUUGAAUAACCAGACCAAUUUGGAUGGGUGAAAUUUUCCUUCAUGUUUAUGACAAAGGAAGAAUUGAGCAAACAAUUGGUAUGUUGGAUAGUGUGUUUGUAUUUGUUUUAUGGAUACUGCCAAUAAGAAAGUGUUCCUGGGUAGAGAUUUCAUAUGGAGUCAGACCUUUGUUUAAAGCAAUGACAGAAGAUGGAUUUUUGGCUGUAUGUUCAGAAGCUAAAGGUCUUGUUACAUUGAAGCACUCCGCGACUCCCUUUUAAAAUGGAGCCUUUUCUUCCUGGACACUAUGAAGUUUUGGAUUUAAAGCCAAAUGGCAAAGUUGCAUCCGUGGAAAUGGUUAAAUAUCAUCACUGUCGGGAUGUACCCCUGCACGCCCUCUAUGACAAUGUGGAGAAACUCUUUCCAGGUUUUGAGAUAGAAACUGUGAAGAACAACCUCAGGAUCCUUUAAU,20,13,,,,,
1010,M,74,Sputum,"Cough, Phlegm",Mild,AAAGGUGGCAGAUCAUAUUGGAAGUGAACAUUAUGAAGUCCUUUUUAACUCUGAGGAAGGCAUUCAGGCUCUGGAUGAAGUCAUAUUUUCCUUGGAAACUUAUGACAUUACAACAGUUCGUGCUUCAGUAGGUAUGUAUUUAAUUUCCAAGUAUAUUCGGAAGAACACAGAUAGCGUGGUGAUCUUCUCUGGAGAAGGAUCAGAUGAACUUACGCAGGGUUACAUUAUUUUUCACAAGCUCCUUCUCCUGAAAAAGCCGAGGAGGAGAGUGAGAGGCUUCUGAGGGAACUCUAUUUGUUUGAUGUUCUCCGCGCAGAUCGAACUACUGCUGCCCAUGGUCUUGAACUGAGAGUCCCAUUUCUAGAUCAGCGAUUUUCUUCCUAUUACUUGUCUCUGCCACCAGAAAUGAGAAUUCCAAAGAAUGGGAUAGAAAAACAUCUCCUGAGAGAGACGUUUGAGGAUUCCAAUCUGAUACCCAAAGAGAUUCUCUGGCGAUCAAAAGAAGCCUUCAGUGAUGGAAUAACUUCAGUUAAGAAUUCCUGGUUUAAGAUUUUACAGGAAUACGUUGAACAUCAAGUUGAUGAUGCAAUGAUGGCAAAUGCAGCCCAAAAUUUCCCUUCAAUACUCCUAAAACCAAAGAAGGAUAUUACUACCGUCAAGU,AAAGGUGGCAGAUCAUAUUGGAAGUGAACAUUAUGAGUCCUUUUUAACUCUGAGGAAGGCAUUCAGGCUCUGGUGAAGUCAUAUUUUCGUUGGAAACUUAUGACAUUACAACAGUUCGUGUUUCAGUAGGUAUGUAUUUAAUUCCAAGUAUAUUCGGAAGAACACAGAUAGCGUGGUGAUCUUCUCUGGAGAAGGAUCAGAUGAACUUACGCAGGGUUACAUCAUUUUUCACAAGCUCCUUCUCCUGAAAAAGCCGAGGAGGAGAGUGAGAGGCUUCUGAGGGAACUCUAUUUGUUUGAUGUUCUCCGCGCAGAUCGAACUACUGCAGCCCAUGGUCUUGAAAUGAGAGUCCCAUUUCUAGAUCAGCGAUUUUCUUCCUAUUACUUGUCUCUGCCACCAGAAAUGAGAAUUCCAAAGAAUGGGAUAGAAAAACAUCUCCUGAGAGAGACGUUUGAAGAUUCCAAUCUUAUACCCAAAGAGAUUAUCUGGCGAUCAGAAGCCUUCAGUGAUGGAAUAACUUCAGUUAAGAAUUCCUGGUUUAAGAUUUUACAGGAAUACGUUGAACAUCAAGUUGAUGAUGCAAUGAUGGCAAAUGCAGCCCAAAAUUUCCCUUCAAUACUCCUAAAACCAAAGAAGGAUAUUACUACCGUCAAGU,14,8,,,,,
1011,F,51,Nasopharynx,Sore throat,Mild To Moderate,AUGAAGAUUGUACACAGAGGUCCAGAUGCAUUCCGUUUUGAGAAUGUCAAUGGAUACACCAACUGCUGCUUUGGAUUUCACCGGUUGGCGGUAGUUGACCCGCUUGUUUGGAAGCAGCCAAUUCGAGUGAAGAAAUAUCCGUAUUUGUGGCUCUGUUACAAGGUGAAAUUCUACAACCAUUAGAAGAUGCAGCAGCAUUUGAAUUUGAAUACCAGACCAAAGUGGAUGGUGAGAUAAUCCUUCAUCUUUAUGACAAAGGAGGAAUUGAGCAAACAAUUUGUAUGUUGGAUGGUGUGUUUGCAUUUGUUUUAUCGGAUACUGCCAAUAAGAAAGUGUUCCUGGGUAGAGAUACAUAUGGAGUCAGACCUUUGUUUAAAGCAACGACAGAAGAUGGAUUUUUGGCUGUAUGUUCAGAAGCUAAAGGUCUUGUUACAUUGAAGCACUCCGCGACUCCCUUUUUAAAGUGGAGCCUUUUCUUCCUGGACACUAUGAAGUUUUGGAUUUAAAGCCAAAUGGCAAAGUUGCAUCCGUGGAAAUGGU,AUGAUUGUACACAGAGGUCCAGAUGCUUCCGUUUGAGAAUGUCAAUGGAUACACCAACUGCUGCUUUGGAUUUCACCGGUUGGCGGUAGUUGACCCGCUUGUUUGGAAGCAGCCAAUUCGAGUGAAGAAAUAUCCGUAUUUGUGGCUCUGUUACAAGGUGAAAUUCUACAACCAUUAGAAGAUGCAGCAGCAUUUGAAUUUGAAUACCAGACCAAAGUGGAUGGUGAGAUAAUCUUCAGCUUUAUGACAAAGGAGGAAUUGAGCAAACAAUUUGUAUGUUGGAUGGUGUGUUUGCAAUUGUUUUAUCGGAUACUGCCAAUAAGAAAGUGUUCCUGGGUAGAGAUACAUAUGGAGUCAGACCUUUGUUUUUAAAGCAACGCCAGAAGAUGGAUUUUUGGGCUGUAUGUUCAGAAGCUAAAGGUGUUGUUACAUUGAAGCACUCCGCGACUCCCUUUUUAAAGUGGAGCCUUUUUCUUCCUGGACACUAUGAAGUUUUGGAUUUAAAGCAAUGGCAAAGUUGCAUCCGUGGAAAU,21,7,,,,,
1012,F,27,Nasopharynx,Asymptomatic,Asymptomatic,AAAAAGCCGAGGAGGAGAGUGAGAGGCUUCUGAGGGAACUCUAUUUGUUUGAUGUUCUCCGCGCAGAUCGAACUACUGCUGCCCAUGGUCUUGAACUGAGAGUCCCAUUUCUAGAUCAUCGAUUUUCUUCCUAUUACUUGUCUCUGCCACCAGAAAUGAGAAUUCCAAAGAAUGGGAUAGAAACAUCUCCUGAGAGAGACGUUUGAGGAUUCCAAUCUGAUACCCAAAGAGAUUCUCUGGCGACCAAAAGAAGCCUUCAGUGAUGGAAUAACUUCAGUUAAGAAUUCCUGGUUUAAGAUUUUAAGGAAUACGUUGAACAUCAAGUUGAUGAUGCAAUGAUGGCAAAUGCAGCUUCGUCAAAUUUCCAGAAAUUUCCCUUCAAUACUCCUAAAACCAAAGAAGGAUAUUACUACGUCUUCGUCAAAACGCCAUUACCCAGGCCGGGCUGACUGGCUGAGCCAUUACUGGAUGCCCAAGUGGAUCAAGCCACUGACCCUUCUGCCCGCACGCUGACCCACUACAAGUCAGCUGUCAAAGCUUAG,AAAAAGUAAAGGAGGAGAGUGAGGGGUUUCUUUGGGAACUCUAAUUGUUUGACGUUCUAAGCGCAGAUCGAACUAAUGCUGCCCAUGGUCUUGUUCUGAGAGUCCCAUUUCUAAAUCAUCGAUUUUCUUCUAUUACUUGUCUCUGCCACCAGAAAAAUGAGAAUUCCAAAGAAUGGGAUAGACAUCUCCUGAGAGAGACUUUGAGGAUUCCAAUCUGAUACCCAAAGAGAUUCUCUGGCGACCAAAAGAAGCCUUCAGUGAUGGAAUAACUUCAGUUAAGAAUUCCUGGUUUAAGAUAUUAAGAAAUACGUUGAACACCAAGUUGAUGAUGCAAUGAUGGCAAAUGCAGCUUCGUCAAAUUUCCAGAAAUUUCCCUUCAAUACUCCUAAAACCAAAGAAGGAUAUUACUACGUCUUCGUCAAAACGCCAUUACCCAGGCCGGGCUGACUGGCUGAGCCAUUACUGGAUGCCCAAGUGGAUCAAGCCACUGACCCUUCUGCCCGCACGCUGACCCACUACAAGUCAGCUGUCAAAGCUUAG,24,15,,,,,
1013,M,81,"Supernatant, Plasma","Hypotension, Low oxygen saturation",Critical,AUGUGUGGCAUUUGGGCGCUGUUUGGCAGUGAUGAUUGCCUUUCUGUUCAGUGUCUGAGUGCUAUGAAGAUUGCACACAGAGGUCCAGAUGCAUUCCGUUUUGAGAAUGUCAAUGGAUACACCAACUGCUGCUUUGGAUUUCACCGGUUGGCGGUAGUUGACCCGCUGUUUGGAAUGCAGCCAAUUCGAGUGAAGAAAUAUCCGUAUUUGUGGCUCUGUUACAAUGGUGAAAUCUACAACCAUAAGAAGAUGCAACAGCAUUUUGAAUUUGAAUACCAgACCAAAGUGGAUGGUGAGAUAAUCCUUCAUCUUUAUGACAAAGGAGGAAUUGAGCAAACAAUUUGUAUGUUGGAUGGUGUGUUUGCAUUUGUUUUACUGGAUACUGCCAAUAAGAAAGUGUUCCUGGGUAGAGAUACAUAUGGAGUCAGACCUUUGUUUAAAGCAAUGACAGAAGAUGGAUUUUUGGCUGUAUGUUCAGAAGCUAAAGGUCUUGUUACAUUGAAGCACUCCGCGACUCCCUUUUUAAAAGUGGAGCCUUUUC,AUGUGUGGCAUUUGGGCGCUGUUUGGCAGUGAUGAUUGCCUUUCUGUUCAGUGUCUGAGUGCUAUGAAGAUUGCACACAGAGGUCCAGAUGCAUUCCGUUUUGAGAAUGUCAAUGGAUACACCAACUGCUGCUUUGGAUUUCACCGGUUGGCGGUAGUUGACCCGCUGUUUGGAAUGCAGCCAAUUCGAGUGAAGAAAUAUCCGUAUUUGUGGCUCUGUUACAAUGGUGAAAUCUACAACCAUAAGAAGAUGCAACAGCAUUUUGAAUUUGAAUACCAgACCAAAGUGGAUGGUGAGAUAAUCCUUCAUCUUUAUGACAAAGGAGGAAUUGAGCAAACAAUUUGUAUGUUGGAUGGUGUGUUUGCAUUUGUUUUACUGGAUACUGCCAAUAAGAAAGUGUUCCUGGGUAGAGAUACAUAUGGAGUCAGACCGUUUAAAGCAAUGAGAGAAGUUGGAUUUGGCUGUCAUGUUCAGAAGCUAAAAGGUCUUUUUAAAUUGGAGCACCCGCGACUCCCUUUUUAAAAGGGGAGCCUC,17,7,,,,,
1014,M,75,Nasopharynx,Fever,Mild To Moderate,AUGUGUGGCAUUUGGGCGCUGUUUGGCAGUGAUGAUUGCCUUUCUGUUCAGUGUCUGAGUGCUAUGAAGAUUGCACACAGAGGUCCAGAUGCAUUCCGUUUUGAGAAUGUCAAUGGAUACACCAACUGCUGCUUUGGAUUUCACCGGUUGGCGGUAGUUGACCCGCUGUUUGGAAUGCAGCCAAUUCGAGUGAAGAAAUAUCCGUAUUUGUGGCUCUGUUACAAUGGUGAAAUCUACAACCAUAAGAAGAUGCAACAGCAUUUUGAAUUUGAAUACCAGACCAAAGUGGAUGGUGAGAUAAUCCUUCAUCUUUAUGACAAAGGAGGAAUUGAGCAAACAAUUUGUAUGUUGGAUGGUGUGUUUGCAUUUGUUUUACUGGAUACUGCCAAUAAGAAAGUGUUCCUGGGUAGAGAUACAUAUG,AUGUGUGGCAUUUGGGCGCUGUUUGGCAGUGAUGAUUGCCUUUCUGUUCAGUGUCUGAGUGCUAUGAAGAUUGCACACAGAGGUCCAGAUGCAUUCCGUUUUGAGAAUGUCAAUGGAUACACCAACUGCUGCUUUGGAUUUCACCGGUUCGGUAGUUUGACCCGCUGUUUGGAAUGCAGCCAAUUCGAGUGAAGAAAUAUCCGUAUUUGUGGCUCUGUUACAAUGGUGAAAUCUACAACCAUAAGGAUGCAACAGCAUUUAGAAUUUGAAUACCAGACCAAAGUGGAUGAUGAGAUAAUCCUUCAUCUUUAUGACACAGGAGGAAUUGAGCUAAUUUGUAUGUUGGAUGGUGUGUUUGCCUUUAUUUUUCUGGCUACUGCCAAUAAAAAGUGUUCCCUUAGAGAUACAUAUG,22,10,,,,,
1015,F,76,Cell supernatant,Dyspnea,Mild To Moderate,AUUGUGGCAUUUGGGCGCUGUUUGGCAGUGAUGAUUGCCUUUUGUGUCAGUGUCUGAGUGCUAUGAAGAUUGCACACAGAGGUCCAGAUGCACUCCGUUUUGAGAAUGUCAAUGGAUACACCAACUGCUGCUUUGGAUUUCACCGGUUGGCGGUAGUUGACCCGCUGUUUGGAAUGCAGCCAAUUCGAGUGAAGAAAUAUCCGUAUUUGUGGCUCUGUUACAUGGUGAAAUCUACAACCAUAAGAAGAUGCAACAGCAUUUUGAAUUUGAAUACCAGACCAAAGUGAUGGUGAGAUAAUCCUUCAUCUUUAUGACAAAGGAGGAAUUGAGCAAACAAUUUGUAUGUUGGAUGG,AUUGUGGCAUUUGGGCGAAUGUUUAGCAGUGAUGACUGCCUUUUGUGUCAGUGUCUGAGUGCUAUGAAGAUUGCUCACAGAGGUGCAGAUGCACUCCGUUUUGAGUAUGUCAAUGGAUACACCAACUGCUGCUUUGGAUUUCACCGGUUGGCGGUAGGACCCGCUGUUUGGAAUGCAGCCAAUUCGAGUGAAGAAAUAUCCGUAUUUGUGGCUCUGUUACAUGGUGAAAUCUACAACCAUAAGAAGAUGCAACAGCAUUUUGAAUUUGAAUACCAGACCAAAGUGAUGGUGAGAUAAUCCUUCAUCUUUAUGACAAAGGAGGAAUUGAGCCAAUUUGUAUGUUGGA,17,7,,,,,
